title,ingredients,directions,formatted_ingredients,formatted_ingredient_list,formatted_directions
One Hour Rolls,"[""1 c. milk"", ""2 Tbsp. sugar"", ""1 pkg. dry yeast"", ""1 Tbsp. salt"", ""3 Tbsp. Crisco oil"", ""2 c. plain flour""]","[""Put flour into a large mixing bowl."", ""Combine sugar, milk, salt and oil in a saucepan and heat to boiling; remove from heat and let cool to lukewarm."", ""Add yeast and mix well."", ""Pour into flour and stir."", ""Batter will be sticky."", ""Roll out batter on a floured board and cut with biscuit cutter."", ""Lightly brush tops with melted oleo and fold over."", ""Place rolls on a cookie sheet, put in a warm place and let rise for 1 hour."", ""Bake at 350\u00b0 for about 20 minutes. Yield: 2 1/2 dozen.""]","milk = Ingredient('m1lk', 'milk', 240, over='too watery', under='too dry')
sugar = Ingredient('sgr1', 'sugar', 25, over='too sweet', under='too bland')
yeast = Ingredient('yst1', 'dry yeast', 7, over='too yeasty', under='too flat')
salt = Ingredient('salt', 'salt', 18, over='too salty', under='too bland')
oil = Ingredient('crco', 'Crisco oil', 42, over='too greasy', under='too dry')
flour = Ingredient('flr2', 'plain flour', 240, over='too dense', under='too sticky')
","ingredients = [milk, sugar, yeast, salt, oil, flour]","t1 = Transformation('mix', 'Put flour into a large mixing bowl.', [flour], 'flour_bowl')
t2 = Transformation('mix', 'Combine sugar, milk, salt and oil in a saucepan.', [sugar, milk, salt, oil], 'wet_mixture')
t3 = Transformation('boil', 'Heat wet mixture to boiling.', [t2.execute()], 'boiled_wet_mixture')
t4 = Transformation('chill', 'Remove from heat and let cool to lukewarm.', [t3.execute()], 'lukewarm_wet_mixture')
t5 = Transformation('mix', 'Add yeast and mix well into the lukewarm wet mixture.', [t4.execute(), yeast], 'yeasted_wet_mixture')
t6 = Transformation('mix', 'Pour the yeasted wet mixture into the flour.', [t5.execute(), t1.execute()], 'combined_batter')
t7 = Transformation('stir', 'Stir to form batter.', [t6.execute()], 'batter')
t8 = Transformation('mix', 'Roll out batter on a floured board and cut with a biscuit cutter.', [t7.execute(), flour], 'cut_rolls')
t9 = Transformation('mix', 'Lightly brush tops with melted oleo and fold over.', [t8.execute(), oil], 'folded_rolls')
t10 = Transformation('chill', 'Place rolls in a warm place and let rise for 1 hour.', [t9.execute()], 'risen_rolls')
t11 = Transformation('bake', 'Bake at 350° for about 20 minutes.', [t10.execute()], 'baked_rolls')"
Artichoke Dip,"[""2 cans or jars artichoke hearts"", ""1 c. mayonnaise"", ""1 c. Parmesan cheese""]","[""Drain artichokes and chop."", ""Mix with mayonnaise and Parmesan cheese."", ""After well mixed, bake, uncovered, for 20 to 30 minutes at 350\u00b0."", ""Serve with crackers.""]","artichoke = Ingredient('A001', 'artichoke hearts', 510, over='too briny', under='too scarce')
mayonnaise = Ingredient('M001', 'mayonnaise', 240, over='too greasy', under='too dry')
parmesan = Ingredient('P001', 'Parmesan cheese', 100, over='too salty', under='too bland')
","ingredients = [artichoke, mayonnaise, parmesan]","t1 = Transformation('mix', 'Drain artichokes and chop.', ['artichoke'], 'chopped_artichoke')
t2 = Transformation('mix', 'Mix with mayonnaise and Parmesan cheese.', [t1.execute(), 'mayonnaise', 'parmesan'], 'artichoke_dip_mixture')
t3 = Transformation('bake', 'After well mixed, bake, uncovered, for 20 to 30 minutes at 350°.', [t2.execute()], 'baked_artichoke_dip')
t4 = Transformation('stir', 'Serve with crackers.', [t3.execute()], 'ready_to_serve_artichoke_dip')"
Fresh Strawberry Pie,"[""1 baked pie shell"", ""1 qt. cleaned strawberries"", ""1 1/2 c. water"", ""4 Tbsp. cornstarch"", ""1 c. sugar"", ""1/8 tsp. salt"", ""4 Tbsp. strawberry jello""]","[""Mix water, cornstarch, sugar and salt in saucepan."", ""Stir constantly and boil until thick and clear."", ""Remove from heat and stir in jello."", ""Set aside to cool."", ""But don't allow it to set. Layer strawberries in baked crust."", ""Pour cooled glaze over. Continue layering berries and glaze."", ""Refrigerate."", ""Serve with whipped cream.""]","pieshell = Ingredient('pshl', 'baked pie shell', 120, over='too thick', under='too thin')
strawberries = Ingredient('strw', 'cleaned strawberries', 454, over='too watery', under='too scarce')
water = Ingredient('watr', 'water', 360, over='too dilute', under='too concentrated')
cornstarch = Ingredient('crst', 'cornstarch', 32, over='too gummy', under='too runny')
sugar = Ingredient('sugr', 'sugar', 200, over='too sweet', under='too bland')
salt = Ingredient('salt', 'salt', 1, over='too salty', under='too insipid')
jello = Ingredient('jell', 'strawberry jello', 32, over='too rubbery', under='too weak')

","ingredients = [pieshell, strawberries, water, cornstarch, sugar, salt, jello]","t1 = Transformation('mix', 'Mix water, cornstarch, sugar and salt in saucepan.', [water, cornstarch, sugar, salt], 'saucepan_mixture')
t2 = Transformation('boil', 'Stir constantly and boil until thick and clear.', [t1.execute()], 'thick_clear_mixture')
t3 = Transformation('stir', 'Remove from heat and stir in jello.', [t2.execute(), jello], 'jello_glaze')
t4 = Transformation('chill', 'Set aside to cool.', [t3.execute()], 'cooled_glaze')
t5 = Transformation('mix', ""But don't allow it to set. Layer strawberries in baked crust."", [pieshell, strawberries], 'layered_pie')
t6 = Transformation('mix', 'Pour cooled glaze over. Continue layering berries and glaze.', [t4.execute(), t5.execute(), strawberries], 'assembled_pie')
t7 = Transformation('chill', 'Refrigerate.', [t6.execute()], 'chilled_pie')
t8 = Transformation('mix', 'Serve with whipped cream.', [t7.execute()], 'served_pie')"
Summer Spaghetti,"[""1 lb. very thin spaghetti"", ""1/2 bottle McCormick Salad Supreme (seasoning)"", ""1 bottle Zesty Italian dressing""]","[""Prepare spaghetti per package."", ""Drain."", ""Melt a little butter through it."", ""Marinate overnight in Salad Supreme and Zesty Italian dressing."", ""Just before serving, add cucumbers, tomatoes, green peppers, mushrooms, olives or whatever your taste may want.""]","spaghetti = Ingredient('SPAG', 'very thin spaghetti', 454, over='too starchy', under='too scant')
saladsupreme = Ingredient('MCSU', 'McCormick Salad Supreme (seasoning)', 21, over='too salty', under='too bland')
zestyitalian = Ingredient('ZITI', 'Zesty Italian dressing', 473, over='too tangy', under='too dry')
","ingredients = [spaghetti, saladsupreme, zestyitalian]","t1 = Transformation('boil', 'Prepare spaghetti per package.', [spaghetti], 'boiled_spaghetti')
t2 = Transformation('stir', 'Drain.', [t1.execute()], 'drained_spaghetti')
t3 = Transformation('stir', 'Melt a little butter through it.', [t2.execute()], 'buttered_spaghetti')
t4 = Transformation('chill', 'Marinate overnight in Salad Supreme and Zesty Italian dressing.', [t3.execute(), saladsupreme, zestyitalian], 'marinated_spaghetti')
t5 = Transformation('mix', 'Just before serving, add cucumbers, tomatoes, green peppers, mushrooms, olives or whatever your taste may want.', [t4.execute()], 'finished_spaghetti')"
Rhubarb Coffee Cake,"[""1 1/2 c. sugar"", ""1/2 c. butter"", ""1 egg"", ""1 c. buttermilk"", ""2 c. flour"", ""1/2 tsp. salt"", ""1 tsp. soda"", ""1 c. buttermilk"", ""2 c. rhubarb, finely cut"", ""1 tsp. vanilla""]","[""Cream sugar and butter."", ""Add egg and beat well."", ""To creamed butter, sugar and egg, add alternately buttermilk with mixture of flour, salt and soda."", ""Mix well."", ""Add rhubarb and vanilla."", ""Pour into greased 9 x 13-inch pan and add Topping.""]","sugar = Ingredient('sug1', 'sugar', 300, over='too sweet', under='too bland')
butter = Ingredient('but1', 'butter', 113, over='too greasy', under='too dry')
egg = Ingredient('egg1', 'egg', 50, over='too rubbery', under='too dry')
buttermilk1 = Ingredient('btm1', 'buttermilk', 240, over='too sour', under='too thin')
flour = Ingredient('flo1', 'flour', 240, over='too tough', under='too weak')
salt = Ingredient('slt1', 'salt', 3, over='too salty', under='too bland')
soda = Ingredient('sod1', 'baking soda', 5, over='too metallic', under='too flat')
buttermilk2 = Ingredient('btm2', 'buttermilk', 240, over='too sour', under='too thin')
rhubarb = Ingredient('rhb1', 'rhubarb, finely cut', 244, over='too tart', under='too mild')
vanilla = Ingredient('vnl1', 'vanilla', 5, over='too perfumy', under='too weak')

","ingredients = [sugar, butter, egg, buttermilk1, flour, salt, soda, buttermilk2, rhubarb, vanilla]","t1 = Transformation('mix', 'Cream sugar and butter.', [sugar, butter], 'creamed_butter_sugar')
t2 = Transformation('mix', 'Add egg and beat well.', [t1.execute(), egg], 'creamed_butter_sugar_egg')
t3 = Transformation('mix', 'To creamed butter, sugar and egg, add alternately buttermilk with mixture of flour, salt and soda.', [t2.execute(), buttermilk1, flour, salt, soda], 'batter_with_dry_and_buttermilk')
t4 = Transformation('mix', 'Mix well.', [t3.execute()], 'well_mixed_batter')
t5 = Transformation('mix', 'Add rhubarb and vanilla.', [t4.execute(), rhubarb, vanilla], 'rhubarb_vanilla_batter')
t6 = Transformation('mix', 'Pour into greased 9 x 13-inch pan and add Topping.', [t5.execute()], 'panned_batter_with_topping')"
Creamy Corn,"[""2 (16 oz.) pkg. frozen corn"", ""1 (8 oz.) pkg. cream cheese, cubed"", ""1/3 c. butter, cubed"", ""1/2 tsp. garlic powder"", ""1/2 tsp. salt"", ""1/4 tsp. pepper""]","[""In a slow cooker, combine all ingredients. Cover and cook on low for 4 hours or until heated through and cheese is melted. Stir well before serving. Yields 6 servings.""]","corn = Ingredient('c001', 'frozen corn', 907, over='too sweet', under='too bland')
creamcheese = Ingredient('c002', 'cream cheese', 227, over='too rich', under='too lacking')
butter = Ingredient('b001', 'butter', 76, over='too greasy', under='too dry')
garlicpowder = Ingredient('g001', 'garlic powder', 1, over='too pungent', under='too mild')
salt = Ingredient('s001', 'salt', 3, over='too salty', under='too bland')
pepper = Ingredient('p001', 'pepper', 1, over='too spicy', under='too bland')
","ingredients = [corn, creamcheese, butter, garlicpowder, salt, pepper]","t1 = Transformation('mix', 'In a slow cooker, combine all ingredients.', [corn, creamcheese, butter, garlicpowder, salt, pepper], 'combined_slowcooker')
t2 = Transformation('boil', 'Cover and cook on low for 4 hours or until heated through and cheese is melted.', [t1.execute()], 'cooked_mixture')
t3 = Transformation('stir', 'Stir well before serving.', [t2.execute()], 'creamed_corn_ready')"
Cuddy Farms Marinated Turkey,"[""2 c. 7-Up or Sprite"", ""1 c. vegetable oil"", ""1 c. Kikkoman soy sauce"", ""garlic salt""]","[""Buy whole turkey breast; remove all skin and bones. Cut into pieces about the size of your hand. Pour marinade over turkey and refrigerate for at least 8 hours (up to 48 hours). The longer it marinates, the less cooking time it takes.""]","SevenUp = Ingredient('s7up', '7-Up or Sprite', 473, over='too sweet', under='too flat')
VegOil = Ingredient('voil', 'vegetable oil', 218, over='too oily', under='too dry')
SoySauce = Ingredient('soys', 'Kikkoman soy sauce', 284, over='too salty', under='too bland')
GarlicSalt = Ingredient('gals', 'garlic salt', 5, over='too salty', under='too bland')
","ingredients = [SevenUp, VegOil, SoySauce, GarlicSalt]","t1 = Transformation('mix', 'Mix SevenUp, VegOil, SoySauce, and GarlicSalt to make a marinade.', [SevenUp, VegOil, SoySauce, GarlicSalt], 'marinade')
t2 = Transformation('chill', 'Pour marinade over turkey pieces and refrigerate for 8–48 hours.', [t1.execute()], 'marinated_turkey')"
Beer Bread,"[""3 c. self rising flour"", ""1 - 12 oz. can beer"", ""1 Tbsp. sugar""]","[""Stir the ingredients together and put in a greased and floured loaf pan."", ""Bake at 425 degrees for 50 minutes."", ""Drizzle melted butter on top.""]","flour = Ingredient('flr1', 'self rising flour', 360, over='too dense', under='too dry')
beer = Ingredient('beer', 'beer', 355, over='too bitter', under='too flat')
sugar = Ingredient('sug1', 'sugar', 13, over='too sweet', under='too bland')
","ingredients = [flour, beer, sugar]","t1 = Transformation('stir', 'Stir the ingredients together and put in a greased and floured loaf pan.', [flour, beer, sugar], 'batter_in_pan')
t2 = Transformation('bake', 'Bake at 425 degrees for 50 minutes.', [t1.execute()], 'baked_loaf')
t3 = Transformation('mix', 'Drizzle melted butter on top.', [t2.execute()], 'buttered_loaf')"
Easy German Chocolate Cake,"[""1/2 pkg. chocolate fudge cake mix without pudding or 1 Jiffy mix"", ""1/2 pkg. white cake mix without pudding or 1 Jiffy mix"", ""1/4 c. Wesson oil""]","[""Mix according to directions and add oil."", ""Bake in 9 x 13-inch pan.""]","chocofudge = Ingredient('CFMX', 'chocolate fudge cake mix without pudding or 1 Jiffy mix', 216, over='too sweet', under='too dry')
whitecake = Ingredient('WCMX', 'white cake mix without pudding or 1 Jiffy mix', 216, over='too sweet', under='too bland')
wesson = Ingredient('WSSN', 'Wesson oil', 54, over='too greasy', under='too dry')
","ingredients = [chocofudge, whitecake, wesson]","t1 = Transformation('mix', 'Mix according to directions and add oil.', [chocofudge, whitecake, wesson], 'cake_batter')
t2 = Transformation('bake', 'Bake in 9 x 13-inch pan.', [t1.execute()], 'baked_cake')"
Cheeseburger Potato Soup,"[""6 baking potatoes"", ""1 lb. of extra lean ground beef"", ""2/3 c. butter or margarine"", ""6 c. milk"", ""3/4 tsp. salt"", ""1/2 tsp. pepper"", ""1 1/2 c (6 oz.) shredded Cheddar cheese, divided"", ""12 sliced bacon, cooked, crumbled and divided"", ""4 green onion, chopped and divided"", ""1 (8 oz.) carton sour cream (optional)""]","[""Wash potatoes; prick several times with a fork."", ""Microwave them with a wet paper towel covering the potatoes on high for 6-8 minutes."", ""The potatoes should be soft, ready to eat."", ""Let them cool enough to handle."", ""Cut in half lengthwise; scoop out pulp and reserve."", ""Discard shells."", ""Brown ground beef until done."", ""Drain any grease from the meat."", ""Set aside when done."", ""Meat will be added later."", ""Melt butter in a large kettle over low heat; add flour, stirring until smooth."", ""Cook 1 minute, stirring constantly. Gradually add milk; cook over medium heat, stirring constantly, until thickened and bubbly."", ""Stir in potato, ground beef, salt, pepper, 1 cup of cheese, 2 tablespoons of green onion and 1/2 cup of bacon."", ""Cook until heated (do not boil)."", ""Stir in sour cream if desired; cook until heated (do not boil)."", ""Sprinkle with remaining cheese, bacon and green onions.""]","potato = Ingredient('POT1', 'baking potatoes', 1800, over='too starchy', under='too meager')
beef = Ingredient('BEEF', 'extra lean ground beef', 454, over='too greasy', under='too scarce')
butter = Ingredient('BUTR', 'butter or margarine', 151, over='too greasy', under='too dry')
milk = Ingredient('MLK1', 'milk', 1440, over='too watery', under='too scant')
salt = Ingredient('SALT', 'salt', 5, over='too salty', under='too bland')
pepper = Ingredient('PEPR', 'pepper', 1, over='too peppery', under='too mild')
cheddar = Ingredient('CHED', 'shredded Cheddar cheese', 170, over='too cheesy', under='too bland')
bacon = Ingredient('BACN', 'sliced bacon', 180, over='too salty', under='too sparse')
greenonion = Ingredient('GRON', 'green onion', 60, over='too pungent', under='too mild')
sourcream = Ingredient('SRCM', 'sour cream', 227, over='too tangy', under='too bland')

","ingredients = [potato, beef, butter, milk, salt, pepper, cheddar, bacon, greenonion, sourcream]","t1 = Transformation('mix', 'Wash potatoes; prick several times with a fork.', [potato], 'prepped_potato')
t2 = Transformation('bake', 'Microwave them with a wet paper towel covering the potatoes on high for 6-8 minutes.', [t1.execute()], 'cooked_potato')
t3 = Transformation('mix', 'The potatoes should be soft, ready to eat.', [t2.execute()], 'soft_potato')
t4 = Transformation('chill', 'Let them cool enough to handle.', [t3.execute()], 'cooled_potato')
t5 = Transformation('mix', 'Cut in half lengthwise; scoop out pulp and reserve.', [t4.execute()], 'potato_pulp')
t6 = Transformation('mix', 'Discard shells.', [t5.execute()], 'reserved_potato_pulp')
t7 = Transformation('fry', 'Brown ground beef until done.', [beef], 'browned_beef')
t8 = Transformation('mix', 'Drain any grease from the meat.', [t7.execute()], 'drained_beef')
t9 = Transformation('mix', 'Set aside when done.', [t8.execute()], 'set_aside_beef')
t10 = Transformation('mix', 'Meat will be added later.', [t9.execute()], 'reserved_beef')
t11 = Transformation('stir', 'Melt butter in a large kettle over low heat; add flour, stirring until smooth.', [butter], 'butter_base')
t12 = Transformation('stir', 'Cook 1 minute, stirring constantly. Gradually add milk; cook over medium heat, stirring constantly, until thickened and bubbly.', [t11.execute(), milk], 'thickened_sauce')
t13 = Transformation('stir', 'Stir in potato, ground beef, salt, pepper, 1 cup of cheese, 2 tablespoons of green onion and 1/2 cup of bacon.', [t12.execute(), t6.execute(), t10.execute(), salt, pepper, cheddar, greenonion, bacon], 'loaded_soup_base')
t14 = Transformation('stir', 'Cook until heated (do not boil).', [t13.execute()], 'heated_loaded_soup')
t15 = Transformation('stir', 'Stir in sour cream if desired; cook until heated (do not boil).', [t14.execute(), sourcream], 'creamy_loaded_soup')
t16 = Transformation('mix', 'Sprinkle with remaining cheese, bacon and green onions.', [t15.execute(), cheddar, bacon, greenonion], 'garnished_loaded_soup')"
Mexican Cookie Rings,"[""1 1/2 c. sifted flour"", ""1/2 tsp. baking powder"", ""1/2 tsp. salt"", ""1/2 c. butter"", ""2/3 c. sugar"", ""3 egg yolks"", ""1 tsp. vanilla"", ""multi-colored candies""]","[""Sift flour, baking powder and salt together."", ""Cream together butter and sugar."", ""Add egg yolks and vanilla."", ""Beat until light and fluffy."", ""Mix in sifted dry ingredients."", ""Shape into 1-inch balls."", ""Push wooden spoon handle through center (twist)."", ""Shape into rings."", ""Dip each cookie into candies."", ""Place on lightly greased baking sheets."", ""Bake in 375\u00b0 oven for 10 to 12 minutes or until golden brown."", ""Cool on racks."", ""Serves 2 dozen.""]","flour = Ingredient('flr1', 'sifted flour', 180, over='too dry', under='too runny')
bpow = Ingredient('bkp1', 'baking powder', 2, over='too bitter', under='too flat')
salt = Ingredient('salt', 'salt', 3, over='too salty', under='too bland')
butter = Ingredient('butr', 'butter', 114, over='too greasy', under='too dry')
sugar = Ingredient('sugr', 'sugar', 133, over='too cloying', under='too insipid')
yolks = Ingredient('eylk', 'egg yolks', 51, over='too rich', under='too thin')
vanilla = Ingredient('vanl', 'vanilla', 5, over='too soapy', under='too bland')
candies = Ingredient('cand', 'multi-colored candies', 100, over='too sugary', under='too plain')

","ingredients = [flour, bpow, salt, butter, sugar, yolks, vanilla, candies]","t1 = Transformation('mix', 'Sift flour, baking powder and salt together.', [flour, bpow, salt], 'sifted_dry')
t2 = Transformation('mix', 'Cream together butter and sugar.', [butter, sugar], 'creamed_butter_sugar')
t3 = Transformation('mix', 'Add egg yolks and vanilla.', [t2.execute(), yolks, vanilla], 'batter_base')
t4 = Transformation('stir', 'Beat until light and fluffy.', [t3.execute()], 'light_fluffy_base')
t5 = Transformation('mix', 'Mix in sifted dry ingredients.', [t4.execute(), t1.execute()], 'cookie_dough')
t6 = Transformation('stir', 'Shape into 1-inch balls.', [t5.execute()], 'dough_balls')
t7 = Transformation('stir', 'Push wooden spoon handle through center (twist).', [t6.execute()], 'ring_prep')
t8 = Transformation('stir', 'Shape into rings.', [t7.execute()], 'rings_shaped')
t9 = Transformation('mix', 'Dip each cookie into candies.', [t8.execute(), candies], 'candied_rings')
t10 = Transformation('stir', 'Place on lightly greased baking sheets.', [t9.execute()], 'cookies_on_sheet')
t11 = Transformation('bake', 'Bake in 375° oven for 10 to 12 minutes or until golden brown.', [t10.execute()], 'baked_cookies')
t12 = Transformation('chill', 'Cool on racks.', [t11.execute()], 'cooled_cookies')
t13 = Transformation('stir', 'Serves 2 dozen.', [t12.execute()], 'servings_2_dozen')"
Chicken Divan,"[""1/4 c. margarine"", ""1/4 c. chopped onion (or as much as you want)"", ""chopped celery to taste"", ""1/4 c. flour"", ""1/8 tsp. curry powder"", ""1 can sliced mushrooms (save juice)"", ""1 can cream of celery soup"", ""1 pkg. chopped broccoli"", ""1 cubed chicken"", ""shredded Monterey Jack cheese""]","[""Melt margarine in skillet; saute onions and celery."", ""Remove from heat."", ""Stir in flour and curry powder."", ""Drain mushrooms and keep juice."", ""Add water to juice to make 1/2 cup liquid."", ""Stir liquid and soup into flour mixture; add mushrooms."", ""Cook until thick."", ""Arrange broccoli and cubed chicken in a large baking dish. Spoon sauce over chicken."", ""Top with grated cheese."", ""Bake in a 350\u00b0 oven for about 20 minutes or in microwave until cheese is melted.""]","margarine = Ingredient('MARG', 'margarine', 57, over='too greasy', under='too scarce')
onion = Ingredient('ONIO', 'chopped onion', 38, over='too pungent', under='too bland')
celery = Ingredient('CLRY', 'chopped celery', 30, over='too strong', under='too bland')
flour = Ingredient('FLOR', 'flour', 30, over='too dense', under='too thin')
curry = Ingredient('CRRY', 'curry powder', 0, over='too spicy', under='too bland')
mushrooms = Ingredient('MUSH', 'sliced mushrooms', 113, over='too soggy', under='too dry')
celerysoup = Ingredient('CCEL', 'cream of celery soup', 300, over='too salty', under='too thin')
broccoli = Ingredient('BROK', 'chopped broccoli', 340, over='too soggy', under='too sparse')
chicken = Ingredient('CHKN', 'cubed chicken', 454, over='too dry', under='too undercooked')
jackcheese = Ingredient('JACK', 'shredded Monterey Jack cheese', 100, over='too greasy', under='too bland')
","ingredients = [margarine, onion, celery, flour, curry, mushrooms, celerysoup, broccoli, chicken, jackcheese]","t1 = Transformation('fry', 'Melt margarine in skillet; saute onions and celery.', [margarine, onion, celery], 'sauteed_onion_celery')
t2 = Transformation('chill', 'Remove from heat.', [t1.execute()], 'offheat_sauteed')
t3 = Transformation('stir', 'Stir in flour and curry powder.', [t2.execute(), flour, curry], 'flour_curry_mixture')
t4 = Transformation('mix', 'Drain mushrooms and keep juice.', [mushrooms], 'mushroom_juice')
t5 = Transformation('mix', 'Add water to juice to make 1/2 cup liquid.', [t4.execute()], 'mushroom_liquid')
t6 = Transformation('stir', 'Stir liquid and soup into flour mixture; add mushrooms.', [t3.execute(), t5.execute(), celerysoup, mushrooms], 'sauce_mixture')
t7 = Transformation('boil', 'Cook until thick.', [t6.execute()], 'thickened_sauce')
t8 = Transformation('mix', 'Arrange broccoli and cubed chicken in a large baking dish. Spoon sauce over chicken.', [broccoli, chicken, t7.execute()], 'assembled_casserole')
t9 = Transformation('mix', 'Top with grated cheese.', [t8.execute(), jackcheese], 'cheese_topped_casserole')
t10 = Transformation('bake', 'Bake in a 350° oven for about 20 minutes or in microwave until cheese is melted.', [t9.execute()], 'baked_casserole')"
Spaghetti Sauce To Can,"[""1/2 bushel tomatoes"", ""1 c. oil"", ""1/4 c. minced garlic"", ""6 cans tomato paste"", ""3 peppers (2 sweet and 1 hot)"", ""1 1/2 c. sugar"", ""1/2 c. salt"", ""1 Tbsp. sweet basil"", ""2 Tbsp. oregano"", ""1 tsp. Italian seasoning""]","[""Cook ground or chopped peppers and onions in oil for 1/2 hour. Cook tomatoes and garlic as for juice."", ""Put through the mill."", ""(I use a food processor and do my tomatoes uncooked."", ""I then add the garlic right to the juice.)"", ""Add peppers and onions to juice and remainder of ingredients."", ""Cook approximately 1 hour."", ""Put in jars and seal."", ""Yields 7 quarts.""]","tomatoes = Ingredient('tmt1', 'tomatoes', 12020, over='too acidic', under='too scarce')
oil = Ingredient('oil1', 'oil', 218, over='too greasy', under='too dry')
garlic = Ingredient('gar1', 'minced garlic', 32, over='too pungent', under='too mild')
paste = Ingredient('pst1', 'tomato paste', 1020, over='too concentrated', under='too watery')
peppers = Ingredient('ppr1', 'peppers', 320, over='too spicy', under='too bland')
sugar = Ingredient('sug1', 'sugar', 300, over='too sweet', under='too tart')
salt = Ingredient('slt1', 'salt', 144, over='too salty', under='too bland')
basil = Ingredient('bsl1', 'sweet basil', 2, over='too herbal', under='too bland')
oregano = Ingredient('org1', 'oregano', 4, over='too pungent', under='too bland')
italianseasoning = Ingredient('its1', 'Italian seasoning', 1, over='too herby', under='too flat')

","ingredients = [tomatoes, oil, garlic, paste, peppers, sugar, salt, basil, oregano, italianseasoning]","t1 = Transformation('fry', 'Cook ground or chopped peppers and onions in oil for 1/2 hour.', [peppers, oil], 'fried_peppers')
t2 = Transformation('boil', 'Cook tomatoes and garlic as for juice.', [tomatoes, garlic], 'cooked_tomato_garlic')
t3 = Transformation('mix', 'Put through the mill.', [t2.execute()], 'tomato_garlic_juice')
t4 = Transformation('mix', 'Add peppers and onions to juice and remainder of ingredients.', [t1.execute(), t3.execute(), paste, sugar, salt, basil, oregano, italianseasoning], 'sauce_mixture')
t5 = Transformation('boil', 'Cook approximately 1 hour.', [t4.execute()], 'cooked_sauce')"
Taco Salad Chip Dip,"[""8 oz. Ortega taco sauce"", ""8 oz. sour cream"", ""8 oz. cream cheese"", ""1 lb. ground beef"", ""1 pkg. taco seasoning"", ""shredded lettuce"", ""1 large diced tomato"", ""1 medium diced onion"", ""1 large diced green pepper"", ""shredded Colby or Cheddar cheese""]","[""Mix taco sauce, sour cream and cream cheese."", ""Spread on pizza pan."", ""Brown meat."", ""Drain off fat and add taco seasoning."", ""Spread over cream mixture."", ""Layer with raw vegetables."", ""Top with cheese. Serve with chips.""]","sauce = Ingredient('sauc', 'Ortega taco sauce', 227, over='too spicy', under='too bland')
sourcream = Ingredient('scrm', 'sour cream', 227, over='too sour', under='too dry')
creamcheese = Ingredient('crch', 'cream cheese', 227, over='too rich', under='too thin')
groundbeef = Ingredient('gbef', 'ground beef', 454, over='too greasy', under='too scant')
tacoseasoning = Ingredient('tase', 'taco seasoning', 28, over='too salty', under='too bland')
lettuce = Ingredient('lett', 'shredded lettuce', 100, over='too soggy', under='too scarce')
tomato = Ingredient('toma', 'diced tomato', 180, over='too watery', under='too scarce')
onion = Ingredient('onio', 'diced onion', 110, over='too sharp', under='too mild')
greenpepper = Ingredient('gpep', 'diced green pepper', 150, over='too bitter', under='too scarce')
cheese = Ingredient('ched', 'shredded Colby or Cheddar cheese', 113, over='too greasy', under='too scant')

","ingredients = [sauce, sourcream, creamcheese, groundbeef, tacoseasoning, lettuce, tomato, onion, greenpepper, cheese]","t1 = Transformation('mix', 'Mix taco sauce, sour cream and cream cheese.', [sauce, sourcream, creamcheese], 'cream_mixture')
t2 = Transformation('stir', 'Spread on pizza pan.', [t1.execute()], 'base_on_pan')
t3 = Transformation('fry', 'Brown meat.', [groundbeef], 'browned_meat')
t4 = Transformation('stir', 'Drain off fat and add taco seasoning.', [t3.execute(), tacoseasoning], 'seasoned_meat')
t5 = Transformation('stir', 'Spread over cream mixture.', [t2.execute(), t4.execute()], 'meat_over_base')
t6 = Transformation('stir', 'Layer with raw vegetables.', [t5.execute(), lettuce, tomato, onion, greenpepper], 'layered_with_vegetables')
t7 = Transformation('stir', 'Top with cheese. Serve with chips.', [t6.execute(), cheese], 'finished_dish')"
Chocolate Frango Mints,"[""1 pkg. devil's food cake mix"", ""1 pkg. chocolate fudge pudding mix (instant)"", ""8 oz. sour cream"", ""3/4 c. water"", ""1/2 c. Wesson oil"", ""4 eggs"", ""6 oz. chopped Frango mints""]","[""Mix ingredients together for 5 minutes."", ""Scrape bowl often. Last fold in chocolate chip mints."", ""Bake at 350\u00b0 for 35 to 40 minutes or until done (cake mix directions).""]","cake = Ingredient('DVC1', 'devils food cake mix', 432, over='too sweet', under='too weak')
pudding = Ingredient('PUD1', 'chocolate fudge pudding mix (instant)', 96, over='too gummy', under='too thin')
sourcream = Ingredient('SRC1', 'sour cream', 227, over='too sour', under='too dry')
water = Ingredient('WTR1', 'water', 180, over='too watery', under='too thick')
wessonoil = Ingredient('WES1', 'Wesson oil', 110, over='too oily', under='too dry')
eggs = Ingredient('EGG1', 'eggs', 200, over='too rubbery', under='too crumbly')
frango = Ingredient('FRG1', 'chopped Frango mints', 170, over='too minty', under='too bland')

","ingredients = [cake, pudding, sourcream, water, wessonoil, eggs, frango]","t1 = Transformation('mix', 'Mix ingredients together for 5 minutes.', [cake, pudding, sourcream, water, wessonoil, eggs], 'mixed_batter')
t2 = Transformation('stir', 'Fold in chocolate chip mints.', [t1.execute(), frango], 'mint_batter')
t3 = Transformation('bake', 'Bake at 350° for 35 to 40 minutes or until done (cake mix directions).', [t2.execute()], 'baked_cake')"
Reeses Cups(Candy)  ,"[""1 c. peanut butter"", ""3/4 c. graham cracker crumbs"", ""1 c. melted butter"", ""1 lb. (3 1/2 c.) powdered sugar"", ""1 large pkg. chocolate chips""]","[""Combine first four ingredients and press in 13 x 9-inch ungreased pan."", ""Melt chocolate chips and spread over mixture. Refrigerate for about 20 minutes and cut into pieces before chocolate gets hard."", ""Keep in refrigerator.""]","peanut = Ingredient('PB01', 'peanut butter', 258, over='too oily', under='too bland')
graham = Ingredient('GRAC', 'graham cracker crumbs', 90, over='too dry', under='too sparse')
butter = Ingredient('BTTR', 'melted butter', 227, over='too greasy', under='too dry')
sugar = Ingredient('SUGR', 'powdered sugar', 454, over='too sweet', under='too bland')
chips = Ingredient('CHIP', 'chocolate chips', 340, over='too chocolaty', under='too plain')
","ingredients = [peanut, graham, butter, sugar, chips]","t1 = Transformation('mix', 'Combine first four ingredients and press in 13 x 9-inch ungreased pan.', [peanut, graham, butter, sugar], 'base_layer')
t2 = Transformation('boil', 'Melt chocolate chips until smooth.', [chips], 'melted_chocolate')
t3 = Transformation('mix', 'Spread melted chocolate over the base mixture.', [t1.execute(), t2.execute()], 'assembled_bars')
t4 = Transformation('chill', 'Refrigerate for about 20 minutes and cut into pieces before chocolate gets hard.', [t3.execute()], 'chilled_cut_bars')
t5 = Transformation('chill', 'Keep in refrigerator.', [t4.execute()], 'stored_bars')"
Buckeye Candy,"[""1 box powdered sugar"", ""8 oz. soft butter"", ""1 (8 oz.) peanut butter"", ""paraffin"", ""12 oz. chocolate chips""]","[""Mix sugar, butter and peanut butter."", ""Roll into balls and place on cookie sheet."", ""Set in freezer for at least 30 minutes. Melt chocolate chips and paraffin in double boiler."", ""Using a toothpick, dip balls 3/4 of way into chocolate chip and paraffin mixture to make them look like buckeyes.""]","powdered_sugar = Ingredient('PDSG', 'powdered sugar', 454, over='too sweet', under='too bland')
butter = Ingredient('BUTR', 'soft butter', 227, over='too greasy', under='too dry')
peanut_butter = Ingredient('PNBT', 'peanut butter', 227, over='too oily', under='too bland')
paraffin = Ingredient('PARA', 'paraffin', 0, over='too waxy', under='too absent')
chocolate_chips = Ingredient('CHIP', 'chocolate chips', 340, over='too chocolatey', under='too weak')

","ingredients = [powdered_sugar, butter, peanut_butter, paraffin, chocolate_chips]","t1 = Transformation('mix', 'Mix sugar, butter and peanut butter.', [powdered_sugar, butter, peanut_butter], 'peanut_butter_mixture')
t2 = Transformation('mix', 'Roll into balls and place on cookie sheet.', [t1.execute()], 'peanut_butter_balls')
t3 = Transformation('chill', 'Set in freezer for at least 30 minutes.', [t2.execute()], 'chilled_balls')
t4 = Transformation('boil', 'Melt chocolate chips and paraffin in double boiler.', [chocolate_chips, paraffin], 'melted_chocolate_mixture')
t5 = Transformation('mix', 'Using a toothpick, dip balls 3/4 of way into chocolate chip and paraffin mixture to make them look like buckeyes.', [t3.execute(), t4.execute()], 'buckeyes')"
Prize-Winning Meat Loaf,"[""1 1/2 lb. ground beef"", ""1 c. tomato juice"", ""3/4 c. oats (uncooked)"", ""1 egg, beaten"", ""1/4 c. chopped onion"", ""1/4 tsp. pepper"", ""1 1/2 tsp. salt""]","[""Mix well."", ""Press firmly into an 8 1/2 x 4 1/2 x 2 1/2-inch loaf pan."", ""Bake in preheated moderate oven."", ""Bake at 350\u00b0 for 1 hour."", ""Let stand 5 minutes before slicing."", ""Makes 8 servings.""]","groundbeef = Ingredient('gdbf', 'ground beef', 680, over='too greasy', under='too scant')
tomatojuice = Ingredient('tmjc', 'tomato juice', 240, over='too soupy', under='too dry')
oats = Ingredient('oats', 'oats (uncooked)', 68, over='too gummy', under='too sparse')
egg = Ingredient('egg1', 'egg, beaten', 50, over='too rich', under='too dry')
onion = Ingredient('onio', 'chopped onion', 40, over='too pungent', under='too bland')
pepper = Ingredient('pepr', 'pepper', 1, over='too peppery', under='too mild')
salt = Ingredient('salt', 'salt', 9, over='too salty', under='too bland')

","ingredients = [groundbeef, tomatojuice, oats, egg, onion, pepper, salt]","t1 = Transformation('mix', 'Mix well.', [groundbeef, tomatojuice, oats, egg, onion, pepper, salt], 'meatloaf_mixture')
t2 = Transformation('mix', 'Press firmly into an 8 1/2 x 4 1/2 x 2 1/2-inch loaf pan.', [t1.execute()], 'panned_meatloaf')
t3 = Transformation('bake', 'Bake in preheated moderate oven.', [t2.execute()], 'partially_baked_meatloaf')
t4 = Transformation('bake', 'Bake at 350° for 1 hour.', [t3.execute()], 'baked_meatloaf')
t5 = Transformation('chill', 'Let stand 5 minutes before slicing.', [t4.execute()], 'rested_meatloaf')"
Watermelon Rind Pickles,"[""7 lb. watermelon rind"", ""7 c. sugar"", ""2 c. apple vinegar"", ""1/2 tsp. oil of cloves"", ""1/2 tsp. oil of cinnamon""]","[""Trim off green and pink parts of watermelon rind; cut to 1-inch cubes."", ""Parboil until tender, but not soft."", ""Drain. Combine sugar, vinegar, oil of cloves and oil of cinnamon; bring to boiling and pour over rind."", ""Let stand overnight."", ""In the morning, drain off syrup."", ""Heat and put over rind."", ""The third morning, heat rind and syrup; seal in hot, sterilized jars."", ""Makes 8 pints."", ""(Oil of cinnamon and clove keeps rind clear and transparent.)""]","rind = Ingredient('wrnd', 'watermelon rind', 3175, over='too soggy', under='too tough')
sugar = Ingredient('sugr', 'sugar', 1400, over='too sweet', under='too bland')
vinegar = Ingredient('apvc', 'apple vinegar', 480, over='too sour', under='too flat')
clove_oil = Ingredient('clov', 'oil of cloves', 2, over='too pungent', under='too faint')
cinnamon_oil = Ingredient('cinn', 'oil of cinnamon', 2, over='too overpowering', under='too weak')
","ingredients = [rind, sugar, vinegar, clove_oil, cinnamon_oil]","t1 = Transformation('mix', 'Trim off green and pink parts of watermelon rind; cut to 1-inch cubes.', [rind], 'cubed_rind')
t2 = Transformation('boil', 'Parboil until tender, but not soft.', [t1.execute()], 'parboiled_rind')
t3 = Transformation('mix', 'Combine sugar, vinegar, oil of cloves and oil of cinnamon.', [sugar, vinegar, clove_oil, cinnamon_oil], 'syrup_base')
t4 = Transformation('boil', 'Bring to boiling.', [t3.execute()], 'hot_syrup')
t5 = Transformation('mix', 'Pour hot syrup over rind.', [t2.execute(), t4.execute()], 'rind_in_syrup')
t6 = Transformation('chill', 'Let stand overnight.', [t5.execute()], 'marinated_rind')
t7 = Transformation('mix', 'Drain off syrup (collect syrup).', [t6.execute()], 'drained_syrup')
t8 = Transformation('mix', 'Drain off syrup (reserve rind).', [t6.execute()], 'drained_rind')
t9 = Transformation('boil', 'Heat syrup.', [t7.execute()], 'reheated_syrup')
t10 = Transformation('mix', 'Put heated syrup over rind.', [t8.execute(), t9.execute()], 'second_soak_rind')
t11 = Transformation('chill', 'Let stand overnight (second night).', [t10.execute()], 'soaked_rind')
t12 = Transformation('boil', 'Heat rind and syrup (third morning).', [t11.execute()], 'heated_rind_and_syrup')"
Angel Biscuits,"[""5 c. flour"", ""3 Tbsp. sugar"", ""4 tsp. baking powder"", ""1 1/2 pkg. dry yeast"", ""2 c. buttermilk"", ""1 tsp. soda"", ""1 1/2 sticks margarine"", ""1/2 c. warm water""]","[""Mix flour, sugar, baking powder, soda and salt together."", ""Cut in margarine, dissolve yeast in warm water."", ""Stir into buttermilk and add to dry mixture."", ""Cover and chill.""]","flour = Ingredient('flr1', 'flour', 600, over='too dense', under='too crumbly')
sugar = Ingredient('sug1', 'sugar', 38, over='too sweet', under='too bland')
bakingpowder = Ingredient('bkp1', 'baking powder', 16, over='too bitter', under='too flat')
yeast = Ingredient('yst1', 'dry yeast', 11, over='too yeasty', under='too weak')
buttermilk = Ingredient('bmk1', 'buttermilk', 480, over='too sour', under='too dry')
soda = Ingredient('sda1', 'baking soda', 5, over='too bitter', under='too flat')
margarine = Ingredient('mrg1', 'margarine', 170, over='too greasy', under='too dry')
warmwater = Ingredient('wtr1', 'warm water', 120, over='too watery', under='too dry')

","ingredients = [flour, sugar, bakingpowder, yeast, buttermilk, soda, margarine, warmwater]","t1 = Transformation('mix', 'Mix flour, sugar, baking powder, soda and salt together.', [flour, sugar, bakingpowder, soda], 'dry_mixture')
t2 = Transformation('mix', 'Cut in margarine into dry mixture.', [t1.execute(), margarine], 'crumbly_dry_mix')
t3 = Transformation('stir', 'Dissolve yeast in warm water.', [yeast, warmwater], 'yeast_solution')
t4 = Transformation('stir', 'Stir yeast solution into buttermilk.', [buttermilk, t3.execute()], 'buttermilk_yeast_mixture')
t5 = Transformation('mix', 'Add wet mixture to dry mixture.', [t2.execute(), t4.execute()], 'batter')
t6 = Transformation('chill', 'Cover and chill.', [t5.execute()], 'chilled_batter')"
Taco-Filled Green Pepper,"[""1 lb. Ground Beef"", ""1 pkg. taco seasoning"", ""1 san Kidney beans"", ""1 onion, chopped"", ""1 C salsa"", ""4 green peppers"", ""1 medium Tomato, chopped"", ""1/2 C cheddar cheese, shredded"", ""1/2 C sour cream""]","[""In a large skillet, brown the ground beef. Drain, stir in taco mix, kidney beans, and salsa. Bring to a boil. Reduce heat, and let simmer for about 5 minutes. Cut peppers in half and clean it. Put peppers in boiling water for 3 minutes- drain- spoon the meat mixture into the green pepper. Put pepper in an ungreased pan. Cover, and bake at 350 degrees for 15 to 20 minutes or until peppers are crispy and filling is heated through. Top with tomatoes, cheese, and sour cream.""]","groundbeef = Ingredient('GDBF', 'Ground Beef', 454, over='too fatty', under='too meager')
tacoseasoning = Ingredient('TCSN', 'taco seasoning', 28, over='too salty', under='too bland')
kidneybeans = Ingredient('KDBN', 'Kidney beans', 425, over='too mushy', under='too sparse')
onion = Ingredient('ONIN', 'onion, chopped', 110, over='too strong', under='too mild')
salsa = Ingredient('SLSA', 'salsa', 240, over='too watery', under='too scant')
greenpeppers = Ingredient('GRNP', 'green peppers', 480, over='too bitter', under='too few')
tomato = Ingredient('TMT0', 'Tomato, chopped', 123, over='too acidic', under='too lacking')
cheddarcheese = Ingredient('CHDR', 'cheddar cheese, shredded', 57, over='too greasy', under='too light')
sourcream = Ingredient('SRCR', 'sour cream', 120, over='too sour', under='too dry')

","ingredients = [groundbeef, tacoseasoning, kidneybeans, onion, salsa, greenpeppers, tomato, cheddarcheese, sourcream]","t1 = Transformation('fry', 'Brown the ground beef in a large skillet.', [groundbeef], 'brownedbeef')
t2 = Transformation('stir', 'Stir in taco seasoning, kidney beans, and salsa.', [t1.execute(), tacoseasoning, kidneybeans, salsa], 'meatmixture')
t3 = Transformation('boil', 'Bring the meat mixture to a boil.', [t2.execute()], 'boilingmeatmixture')
t4 = Transformation('boil', 'Reduce heat and simmer for about 5 minutes.', [t3.execute()], 'simmeredmeatmixture')
t5 = Transformation('boil', 'Boil the halved, cleaned green peppers for 3 minutes, then drain.', [greenpeppers], 'parboiledpeppers')
t6 = Transformation('mix', 'Spoon the meat mixture into the green peppers.', [t4.execute(), t5.execute()], 'stuffedpeppers')
t7 = Transformation('bake', 'Place stuffed peppers in an ungreased pan, cover, and bake at 350 degrees for 15–20 minutes until peppers are crisp and filling is heated through.', [t6.execute()], 'bakedstuffedpeppers')
t8 = Transformation('mix', 'Top with tomato, cheddar cheese, and sour cream.', [t7.execute(), tomato, cheddarcheese, sourcream], 'finishedstuffedpeppers')"
Cherry Pizza,"[""2 cans cherry pie mix"", ""1 box deluxe white cake mix"", ""1 stick butter"", ""1 c. ground nuts""]","[""Grease a 9 x 12-inch cake pan."", ""Spread cherry pie mix."", ""Sift cake mix and spread it dry over the cherries."", ""Top with ground nuts."", ""Melt butter and pour over top."", ""Bake 45 minutes in a 350\u00b0 oven.""]","cherrypiemix = Ingredient('CPMX', 'cherry pie mix', 1190, over='too sweet', under='too dry')
cakemix = Ingredient('CMIX', 'deluxe white cake mix', 432, over='too sweet', under='too dry')
butter = Ingredient('BTR1', 'butter', 113, over='too greasy', under='too dry')
groundnuts = Ingredient('GNUT', 'ground nuts', 120, over='too nutty', under='too bland')
","ingredients = [cherrypiemix, cakemix, butter, groundnuts]","t1 = Transformation('mix', 'Grease a 9 x 12-inch cake pan.', [], 'greased_pan')
t2 = Transformation('stir', 'Spread cherry pie mix.', [cherrypiemix, t1.execute()], 'cherry_layer')
t3 = Transformation('stir', 'Sift cake mix and spread it dry over the cherries.', [cakemix, t2.execute()], 'dry_topped_cherries')
t4 = Transformation('stir', 'Top with ground nuts.', [groundnuts, t3.execute()], 'nut_topped_cherries')
t5 = Transformation('stir', 'Melt butter and pour over top.', [butter, t4.execute()], 'butter_topped_cake')
t6 = Transformation('bake', 'Bake 45 minutes in a 350° oven.', [t5.execute()], 'baked_dump_cake')"
Quick Peppermint Puffs,"[""8 marshmallows"", ""2 Tbsp. margarine, melted"", ""1/4 c. crushed peppermint candy"", ""1 can crescent rolls""]","[""Dip marshmallows in melted margarine; roll in candy. Wrap a crescent triangle around each marshmallow, completely covering the marshmallow and square edges of dough tightly to seal."", ""Dip in margarine and place in a greased muffin tin."", ""Bake at 375\u00b0 for 10 to 15 minutes; remove from pan.""]","marshmallows = Ingredient('mshl', 'marshmallows', 56, over='too sweet', under='too few')
margarine = Ingredient('marg', 'margarine, melted', 28, over='too greasy', under='too dry')
peppermint = Ingredient('ppmc', 'crushed peppermint candy', 30, over='too minty', under='too bland')
crescentrolls = Ingredient('cres', 'crescent rolls', 227, over='too doughy', under='too few')

","ingredients = [marshmallows, margarine, peppermint, crescentrolls]","t1 = Transformation('mix', 'Dip marshmallows in melted margarine', [marshmallows, margarine], 'buttered_marshmallows')
t2 = Transformation('mix', 'Roll buttered marshmallows in candy', [t1.execute(), peppermint], 'candied_marshmallows')
t3 = Transformation('mix', 'Wrap a crescent triangle around each marshmallow and seal edges', [t2.execute(), crescentrolls], 'wrapped_marshmallows')
t4 = Transformation('mix', 'Dip wrapped marshmallows in margarine and place in a greased muffin tin', [t3.execute(), margarine], 'panned_rolls')
t5 = Transformation('bake', 'Bake at 375° for 10 to 15 minutes; remove from pan', [t4.execute()], 'baked_rolls')"
Eggless Milkless Applesauce Cake,"[""3/4 c. sugar"", ""1/2 c. shortening"", ""1 1/2 c. applesauce"", ""3 level tsp. soda"", ""1 tsp. each: cinnamon, cloves and nutmeg"", ""2 c. sifted flour"", ""1 c. raisins"", ""1 c. nuts""]","[""Mix Crisco with applesauce, nuts and raisins."", ""Sift dry ingredients and add."", ""Mix well."", ""Put in a greased and floured loaf pan or tube pan."", ""Bake in loaf pan at 350\u00b0 to 375\u00b0 for 45 to 60 minutes, layer pan at 375\u00b0 for 20 minutes or tube pan at 325\u00b0 for 1 hour.""]","sugar = Ingredient('sug1', 'granulated sugar', 150, over='too sweet', under='too bland')
shortening = Ingredient('shtg', 'shortening', 96, over='too greasy', under='too dry')
applesauce = Ingredient('appl', 'applesauce', 360, over='too soggy', under='too dry')
soda = Ingredient('soda', 'baking soda', 14, over='too soapy', under='too dense')
cinnamon = Ingredient('cinn', 'ground cinnamon', 3, over='too spicy', under='too bland')
cloves = Ingredient('clov', 'ground cloves', 2, over='too strong', under='too subtle')
nutmeg = Ingredient('ntmg', 'ground nutmeg', 2, over='too overpowering', under='too mild')
flour = Ingredient('flor', 'sifted flour', 240, over='too heavy', under='too thin')
raisins = Ingredient('rais', 'raisins', 150, over='too chewy', under='too sparse')
nuts = Ingredient('nutz', 'nuts', 120, over='too crunchy', under='too sparse')

","ingredients = [sugar, shortening, applesauce, soda, cinnamon, cloves, nutmeg, flour, raisins, nuts]","t1 = mix('combine wet base', 'Mix shortening with applesauce, nuts and raisins.', [shortening, applesauce, nuts, raisins], 'wet_base')
t2 = mix('prep dry mix', 'Sift dry ingredients.', [sugar, soda, cinnamon, cloves, nutmeg, flour], 'dry_mix')
t3 = mix('combine mixtures', 'Add dry ingredients to the wet mixture.', [t1.execute(), t2.execute()], 'batter')
t4 = stir('mix well', 'Mix well.', [t3.execute()], 'well_mixed_batter')
t5 = bake('bake cake', 'Put in a greased and floured loaf, layer, or tube pan and bake: loaf pan at 350°–375° for 45–60 min; layer pan at 375° for 20 min; tube pan at 325° for 1 hr.', [t4.execute()], 'baked_cake')"
Chicken Funny,"[""1 large whole chicken"", ""2 (10 1/2 oz.) cans chicken gravy"", ""1 (10 1/2 oz.) can cream of mushroom soup"", ""1 (6 oz.) box Stove Top stuffing"", ""4 oz. shredded cheese""]","[""Boil and debone chicken."", ""Put bite size pieces in average size square casserole dish."", ""Pour gravy and cream of mushroom soup over chicken; level."", ""Make stuffing according to instructions on box (do not make too moist)."", ""Put stuffing on top of chicken and gravy; level."", ""Sprinkle shredded cheese on top and bake at 350\u00b0 for approximately 20 minutes or until golden and bubbly.""]","chicken = Ingredient('chkn', 'whole chicken', 2000, over='too heavy', under='too scant')
gravy = Ingredient('grvy', 'chicken gravy', 595, over='too salty', under='too dry')
soup = Ingredient('soup', 'cream of mushroom soup', 298, over='too soggy', under='too bland')
stuffing = Ingredient('stov', 'Stove Top stuffing', 170, over='too dense', under='too scant')
cheese = Ingredient('chee', 'shredded cheese', 113, over='too greasy', under='too scant')
","ingredients = [chicken, gravy, soup, stuffing, cheese]","t1 = Transformation('boil', 'Boil and debone chicken.', ['chicken'], 'boiled_deboned_chicken')
t2 = Transformation('mix', 'Put bite size pieces in average size square casserole dish.', [t1.execute()], 'chicken_pieces_in_dish')
t3 = Transformation('mix', 'Pour gravy and cream of mushroom soup over chicken; level.', [t2.execute(), 'gravy', 'soup'], 'chicken_with_gravy_and_soup')
t4 = Transformation('boil', 'Make stuffing according to instructions on box (do not make too moist).', ['stuffing'], 'prepared_stuffing')
t5 = Transformation('mix', 'Put stuffing on top of chicken and gravy; level.', [t3.execute(), t4.execute()], 'assembled_casserole')
t6 = Transformation('bake', 'Sprinkle shredded cheese on top and bake at 350° for approximately 20 minutes or until golden and bubbly.', [t5.execute(), 'cheese'], 'baked_casserole_with_cheese')"
Chicken Stew,"[""3 lb. chicken, boiled"", ""4 medium potatoes, diced"", ""2 medium onions, chopped"", ""1 (16 oz.) can creamed corn"", ""1 (16 oz.) can English peas"", ""1 (16 oz.) can field peas"", ""1 (16 oz.) can butter beans"", ""1 (16 oz.) can tomatoes"", ""1 (46 oz.) can tomato juice"", ""1 small box macaroni"", ""1 Tbsp. black pepper"", ""1 Tbsp. salt"", ""1 Tbsp. sugar""]","[""Remove chicken from bone."", ""Use the broth."", ""Mix the vegetables and macaroni."", ""Add sugar, salt and black pepper."", ""Cook until all vegetables are tender over medium heat.""]","chicken = Ingredient('chkn', 'chicken', 1361, over='too greasy', under='too scant')
potatoes = Ingredient('pota', 'potatoes', 600, over='too starchy', under='too few')
onions = Ingredient('onio', 'onions', 220, over='too pungent', under='too mild')
creamedcorn = Ingredient('ccor', 'creamed corn', 454, over='too sweet', under='too plain')
englishpeas = Ingredient('enpe', 'English peas', 454, over='too mushy', under='too sparse')
fieldpeas = Ingredient('fdpe', 'field peas', 454, over='too earthy', under='too scarce')
butterbeans = Ingredient('btbn', 'butter beans', 454, over='too mealy', under='too scarce')
tomatoes = Ingredient('toma', 'tomatoes', 454, over='too acidic', under='too bland')
tomatojuice = Ingredient('tomj', 'tomato juice', 1304, over='too watery', under='too weak')
macaroni = Ingredient('maco', 'macaroni', 227, over='too pasty', under='too little')
blackpepper = Ingredient('bpep', 'black pepper', 7, over='too spicy', under='too bland')
salt = Ingredient('salt', 'salt', 18, over='too salty', under='too bland')
sugar = Ingredient('sugr', 'sugar', 13, over='too sweet', under='too bland')
","ingredients = [chicken, potatoes, onions, creamedcorn, englishpeas, fieldpeas, butterbeans, tomatoes, tomatojuice, macaroni, blackpepper, salt, sugar]","t1 = Transformation('mix', 'Remove chicken from bone.', [chicken], 'chicken_bones')
t2 = Transformation('boil', 'Use the broth.', [t1.execute()], 'broth')
t3 = Transformation('mix', 'Mix the vegetables and macaroni.', [potatoes, onions, creamedcorn, englishpeas, fieldpeas, butterbeans, tomatoes, macaroni], 'veg_mac_mix')
t4 = Transformation('stir', 'Add sugar, salt and black pepper.', [t3.execute(), sugar, salt, blackpepper], 'seasoned_mix')
t5 = Transformation('boil', 'Cook until all vegetables are tender over medium heat.', [t2.execute(), t4.execute()], 'tender_vegetable_stew')"
Pear-Lime Salad,"[""1 (16 oz.) can pear halves, undrained"", ""1 (3 oz.) pkg. lime gelatin"", ""1 (8 oz.) pkg. cream cheese, softened"", ""1 (8 oz.) carton lemon yogurt""]","[""Drain pears, reserving juice."", ""Bring juice to a boil, stirring constantly."", ""Remove from heat."", ""Add gelatin, stirring until dissolved."", ""Let cool slightly."", ""Coarsely chop pear halves. Combine cream cheese and yogurt; beat at medium speed of electric mixer until smooth."", ""Add gelatin and beat well."", ""Stir in pears."", ""Pour into an oiled 4-cup mold or Pyrex dish."", ""Chill.""]","pears = Ingredient('p001', 'pear halves, undrained', 454, over='too soggy', under='too bland')
gelatin = Ingredient('g001', 'lime gelatin', 85, over='too firm', under='too runny')
creamcheese = Ingredient('c001', 'cream cheese, softened', 227, over='too rich', under='too thin')
lemonyogurt = Ingredient('y001', 'lemon yogurt', 227, over='too sour', under='too bland')
","ingredients = [pears, gelatin, creamcheese, lemonyogurt]","t1 = Transformation('stir', 'Drain pears, reserving juice.', [pears], 'pear_juice')
t2 = Transformation('boil', 'Bring juice to a boil, stirring constantly.', [t1.execute()], 'boiled_juice')
t3 = Transformation('stir', 'Remove from heat.', [t2.execute()], 'offheat_juice')
t4 = Transformation('stir', 'Add gelatin, stirring until dissolved.', [t3.execute(), gelatin], 'gelatin_solution')
t5 = Transformation('chill', 'Let cool slightly.', [t4.execute()], 'cooled_gelatin_solution')
t6 = Transformation('mix', 'Combine cream cheese and yogurt; beat at medium speed of electric mixer until smooth.', [creamcheese, lemonyogurt], 'smooth_cream_yogurt')
t7 = Transformation('stir', 'Add gelatin and beat well.', [t6.execute(), t5.execute()], 'cream_yogurt_gelatin_mix')
t8 = Transformation('stir', 'Stir in pears.', [t7.execute(), pears], 'pear_mixture')
t9 = Transformation('mix', 'Pour into an oiled 4-cup mold or Pyrex dish.', [t8.execute()], 'poured_mixture')
t10 = Transformation('chill', 'Chill.', [t9.execute()], 'chilled_dessert')"
Easy Fudge,"[""1 (14 oz.) can sweetened condensed milk"", ""1 (12 oz.) pkg. semi-sweet chocolate chips"", ""1 (1 oz.) sq. unsweetened chocolate (if desired)"", ""1 1/2 c. chopped nuts (if desired)"", ""1 tsp. vanilla""]","[""Butter a square pan, 8 x 8 x 2-inches."", ""Heat milk, chocolate chips and unsweetened chocolate over low heat, stirring constantly, until chocolate is melted and mixture is smooth. Remove from heat."", ""Stir in nuts and vanilla."", ""Spread in pan.""]","condensed_milk = Ingredient('SCM1', 'sweetened condensed milk', 397, over='too sweet', under='too dry')
chocolate_chips = Ingredient('CHP1', 'semi-sweet chocolate chips', 340, over='too rich', under='too bland')
unsweetened_chocolate = Ingredient('USCH', 'unsweetened chocolate', 28, over='too bitter', under='too weak')
chopped_nuts = Ingredient('NUT1', 'chopped nuts', 180, over='too oily', under='too sparse')
vanilla = Ingredient('VAN1', 'vanilla', 5, over='too strong', under='too faint')

","ingredients = [condensed_milk, chocolate_chips, unsweetened_chocolate, chopped_nuts, vanilla]","t1 = Transformation('mix', 'Butter a square pan, 8 x 8 x 2-inches.', [], 'buttered_pan')
t2 = Transformation('stir', 'Heat milk, chocolate chips and unsweetened chocolate over low heat, stirring constantly, until chocolate is melted and mixture is smooth. Remove from heat.', [condensed_milk, chocolate_chips, unsweetened_chocolate], 'melted_chocolate_mixture')
t3 = Transformation('stir', 'Stir in nuts and vanilla.', [t2.execute(), chopped_nuts, vanilla], 'fudge_mixture')
t4 = Transformation('mix', 'Spread in pan.', [t3.execute(), t1.execute()], 'pan_fudge')"
Double Cherry Delight,"[""1 (17 oz.) can dark sweet pitted cherries"", ""1/2 c. ginger ale"", ""1 (6 oz.) pkg. Jell-O cherry flavor gelatin"", ""2 c. boiling water"", ""1/8 tsp. almond extract"", ""1 c. miniature marshmallows""]","[""Drain cherries, measuring syrup."", ""Cut cherries in half."", ""Add ginger ale and enough water to syrup to make 1 1/2 cups."", ""Dissolve gelatin in boiling water."", ""Add measured liquid and almond extract. Chill until very thick."", ""Fold in marshmallows and the cherries. Spoon into 6-cup mold."", ""Chill until firm, at least 4 hours or overnight."", ""Unmold."", ""Makes about 5 1/3 cups.""]","cherries = Ingredient('CHER', 'dark sweet pitted cherries', 482, over='too sweet', under='too scarce')
gingerale = Ingredient('GING', 'ginger ale', 120, over='too fizzy', under='too flat')
jello = Ingredient('JELL', 'Jell-O cherry flavor gelatin', 170, over='too rubbery', under='too weak')
water = Ingredient('WATR', 'boiling water', 480, over='too dilute', under='too dry')
almond = Ingredient('ALMD', 'almond extract', 1, over='too strong', under='too bland')
marshmallows = Ingredient('MARS', 'miniature marshmallows', 50, over='too cloying', under='too sparse')

","ingredients = [cherries, gingerale, jello, water, almond, marshmallows]","t1 = Transformation('mix', 'Drain cherries, measuring syrup.', [cherries], 'cherry_syrup')
t2 = Transformation('mix', 'Cut cherries in half.', [cherries], 'halved_cherries')
t3 = Transformation('mix', 'Add ginger ale and enough water to syrup to make 1 1/2 cups.', [gingerale, water, t1.execute()], 'measured_liquid')
t4 = Transformation('boil', 'Dissolve gelatin in boiling water.', [jello, water], 'gelatin_solution')
t5 = Transformation('chill', 'Add measured liquid and almond extract. Chill until very thick.', [t4.execute(), t3.execute(), almond], 'thickened_mixture')
t6 = Transformation('mix', 'Fold in marshmallows and the cherries. Spoon into 6-cup mold.', [t5.execute(), marshmallows, t2.execute()], 'molded_mixture')
t7 = Transformation('chill', 'Chill until firm, at least 4 hours or overnight.', [t6.execute()], 'firm_mold')
t8 = Transformation('mix', 'Unmold.', [t7.execute()], 'unmolded_dessert')
t9 = Transformation('mix', 'Makes about 5 1/3 cups.', [t8.execute()], 'final_dessert')"
Broccoli Salad,"[""1 large head broccoli (about 1 1/2 lb.)"", ""10 slices bacon, cooked and crumbled"", ""5 green onions, sliced or 1/4 c. chopped red onion"", ""1/2 c. raisins"", ""1 c. mayonnaise"", ""2 Tbsp. vinegar"", ""1/4 c. sugar""]","[""Trim off large leaves of broccoli and remove the tough ends of lower stalks. Wash the broccoli thoroughly. Cut the florets and stems into bite-size pieces. Place in a large bowl. Add bacon, onions and raisins. Combine remaining ingredients, stirring well. Add dressing to broccoli mixture and toss gently. Cover and refrigerate 2 to 3 hours. Makes about 6 servings.""]","broccoli = Ingredient('broc', 'broccoli', 680, over='too bitter', under='too scant')
bacon = Ingredient('bacn', 'bacon', 100, over='too salty', under='too bland')
onions = Ingredient('onio', 'green onions', 75, over='too pungent', under='too mild')
raisins = Ingredient('rais', 'raisins', 83, over='too sweet', under='too sparse')
mayonnaise = Ingredient('mayo', 'mayonnaise', 230, over='too greasy', under='too dry')
vinegar = Ingredient('vine', 'vinegar', 30, over='too sour', under='too flat')
sugar = Ingredient('sugr', 'sugar', 50, over='too cloying', under='too insipid')

","ingredients = [broccoli, bacon, onions, raisins, mayonnaise, vinegar, sugar]","t1 = Transformation('mix', 'Place broccoli in a large bowl and add bacon, onions, and raisins.', [broccoli, bacon, onions, raisins], 'broccoli_mixture')
t2 = Transformation('stir', 'Combine mayonnaise, vinegar, and sugar, stirring well to make dressing.', [mayonnaise, vinegar, sugar], 'dressing')
t3 = Transformation('mix', 'Add dressing to broccoli mixture and toss gently.', [t1.execute(), t2.execute()], 'broccoli_salad')
t4 = Transformation('chill', 'Cover and refrigerate 2 to 3 hours.', [t3.execute()], 'chilled_broccoli_salad')"
Scalloped Corn,"[""1 can cream-style corn"", ""1 can whole kernel corn"", ""1/2 pkg. (approximately 20) saltine crackers, crushed"", ""1 egg, beaten"", ""6 tsp. butter, divided"", ""pepper to taste""]","[""Mix together both cans of corn, crackers, egg, 2 teaspoons of melted butter and pepper and place in a buttered baking dish."", ""Dot with remaining 4 teaspoons of butter."", ""Bake at 350\u00b0 for 1 hour.""]","creamcorn = Ingredient('CR01', 'cream-style corn', 425, over='too sweet', under='too bland')
wholecorn = Ingredient('WH02', 'whole kernel corn', 425, over='too crunchy', under='too few')
saltines = Ingredient('ST03', 'saltine crackers, crushed', 60, over='too salty', under='too thin')
egg = Ingredient('EGG1', 'egg, beaten', 50, over='too eggy', under='too dry')
butter = Ingredient('BTR1', 'butter, divided', 28, over='too greasy', under='too scant')
pepper = Ingredient('PEP1', 'pepper', 1, over='too spicy', under='too bland')

","ingredients = [creamcorn, wholecorn, saltines, egg, butter, pepper]","t1 = Transformation('mix', 'Mix together both cans of corn, crackers, egg, 2 teaspoons of melted butter and pepper; place in a buttered baking dish.', [creamcorn, wholecorn, saltines, egg, butter, pepper], 'corn_casserole_base')
t2 = Transformation('stir', 'Dot with remaining 4 teaspoons of butter.', [t1.execute(), butter], 'buttered_corn_casserole_base')
t3 = Transformation('bake', 'Bake at 350° for 1 hour.', [t2.execute()], 'baked_corn_casserole')"
Quick Barbecue Wings,"[""chicken wings (as many as you need for dinner)"", ""flour"", ""barbecue sauce (your choice)""]","[""Clean wings."", ""Flour and fry until done."", ""Place fried chicken wings in microwave bowl."", ""Stir in barbecue sauce."", ""Microwave on High (stir once) for 4 minutes.""]","chickenwings = Ingredient('CWNG', 'chicken wings', 1000, over='too greasy', under='too few')
flour = Ingredient('FLUR', 'flour', 200, over='too gummy', under='too light')
barbecuesauce = Ingredient('BBQS', 'barbecue sauce', 150, over='too sweet', under='too bland')
","ingredients = [chickenwings, flour, barbecuesauce]","t1 = Transformation('mix', 'Clean wings.', [chickenwings], 'cleaned_chickenwings')
t2 = Transformation('mix', 'Coat wings with flour.', [t1.execute(), flour], 'floured_chickenwings')
t3 = Transformation('fry', 'Fry until done.', [t2.execute()], 'fried_chickenwings')
t4 = Transformation('mix', 'Place fried chicken wings in microwave bowl.', [t3.execute()], 'bowl_of_fried_chickenwings')
t5 = Transformation('stir', 'Stir in barbecue sauce.', [t4.execute(), barbecuesauce], 'sauced_fried_chickenwings')
t6 = Transformation('bake', 'Microwave on High for 2 minutes.', [t5.execute()], 'partially_microwaved_sauced_wings')
t7 = Transformation('stir', 'Stir once.', [t6.execute()], 'stirred_microwaved_sauced_wings')
t8 = Transformation('bake', 'Microwave on High for 2 more minutes.', [t7.execute()], 'microwaved_sauced_wings')"
Corral Barbecued Beef Steak Strips,"[""2 lb. round steak 1/2 to 3/4-inch thick, sliced in strips 1/8-inch thick (or thinner) and 3 1/2 to 4-inches long (easily sliced if partially frozen)"", ""2 Tbsp. cooking oil"", ""1 can (15 oz.) tomato sauce"", ""1/3 c. water"", ""2 Tbsp. brown sugar"", ""1 Tbsp. prepared mustard"", ""1 tbsp. Worcestershire sauce"", ""1 medium sized onion, thinly sliced""]","[""Brown strips in cooking oil."", ""Pour off drippings."", ""Combine tomato sauce, water, brown sugar, mustard and Worcestershire sauce."", ""Add sauce and onion to meat slices."", ""Cover and cook slowly, stirring occasionally 30 minutes or until meat is tender. Serve over rice or buttered noodles."", ""Yields 6 to 8 servings.""]","steak = Ingredient('stk1', 'round steak', 907, over='too tough', under='too scant')
oil = Ingredient('oil1', 'cooking oil', 27, over='too greasy', under='too dry')
tomato_sauce = Ingredient('tsau', 'tomato sauce', 425, over='too watery', under='too bland')
water = Ingredient('watr', 'water', 80, over='too diluted', under='too dry')
brown_sugar = Ingredient('brsu', 'brown sugar', 28, over='too sweet', under='too bland')
mustard = Ingredient('mstd', 'prepared mustard', 15, over='too pungent', under='too bland')
worcestershire = Ingredient('worc', 'Worcestershire sauce', 15, over='too salty', under='too bland')
onion = Ingredient('onio', 'onion', 110, over='too pungent', under='too scant')
","ingredients = [steak, oil, tomato_sauce, water, brown_sugar, mustard, worcestershire, onion]","t1 = Transformation('fry', 'Brown strips in cooking oil.', [steak, oil], 'browned_meat')
t2 = Transformation('stir', 'Pour off drippings.', [t1.execute()], 'drained_meat')
t3 = Transformation('mix', 'Combine tomato sauce, water, brown sugar, mustard and Worcestershire sauce.', [tomato_sauce, water, brown_sugar, mustard, worcestershire], 'sauce_mixture')
t4 = Transformation('mix', 'Add sauce and onion to meat slices.', [t2.execute(), onion, t3.execute()], 'meat_with_sauce')
t5 = Transformation('boil', 'Cover and cook slowly, stirring occasionally 30 minutes or until meat is tender.', [t4.execute()], 'tender_meat')"
No-Bake Nut Cookies,"[""1 c. firmly packed brown sugar"", ""1/2 c. evaporated milk"", ""1/2 tsp. vanilla"", ""1/2 c. broken nuts (pecans)"", ""2 Tbsp. butter or margarine"", ""3 1/2 c. bite size shredded rice biscuits""]","[""In a heavy 2-quart saucepan, mix brown sugar, nuts, evaporated milk and butter or margarine."", ""Stir over medium heat until mixture bubbles all over top."", ""Boil and stir 5 minutes more. Take off heat."", ""Stir in vanilla and cereal; mix well."", ""Using 2 teaspoons, drop and shape into 30 clusters on wax paper."", ""Let stand until firm, about 30 minutes.""]","brownsugar = Ingredient('BRSU', 'firmly packed brown sugar', 220, over='too sweet', under='too bland')
evaporatedmilk = Ingredient('EVML', 'evaporated milk', 120, over='too milky', under='too dry')
vanilla = Ingredient('VANI', 'vanilla', 2, over='too strong', under='too weak')
pecans = Ingredient('PECN', 'broken nuts (pecans)', 50, over='too nutty', under='too sparse')
butter = Ingredient('BUTR', 'butter or margarine', 28, over='too greasy', under='too dry')
ricebiscuits = Ingredient('RBIS', 'bite size shredded rice biscuits', 32, over='too crunchy', under='too soggy')

","ingredients = [brownsugar, evaporatedmilk, vanilla, pecans, butter, ricebiscuits]","t1 = Transformation('mix', 'In a heavy 2-quart saucepan, mix brown sugar, nuts, evaporated milk and butter or margarine.', [brownsugar, pecans, evaporatedmilk, butter], 'saucepan_mixture')
t2 = Transformation('stir', 'Stir over medium heat until mixture bubbles all over top.', [t1.execute()], 'bubbling_mixture')
t3 = Transformation('boil', 'Boil and stir 5 minutes more. Take off heat.', [t2.execute()], 'boiled_mixture')
t4 = Transformation('mix', 'Stir in vanilla and cereal; mix well.', [t3.execute(), vanilla, ricebiscuits], 'well_mixed_cereal_mixture')
t5 = Transformation('mix', 'Using 2 teaspoons, drop and shape into 30 clusters on wax paper.', [t4.execute()], 'shaped_clusters')
t6 = Transformation('chill', 'Let stand until firm, about 30 minutes.', [t5.execute()], 'firm_clusters')"
Chocolate Mint Bars,"[""1 c. flour"", ""1 c. sugar"", ""1/2 c. oleo, softened"", ""4 eggs"", ""1 can chocolate syrup""]","[""Mix together and bake in 9 x 13-inch pan at 350\u00b0 for 25 to 30 minutes."", ""Top should spring back when touched lightly; do not overbake."", ""Cool completely, then spread with mint layer.""]","flour = Ingredient('flr1', 'flour', 120, over='too tough', under='too runny')
sugar = Ingredient('sgr1', 'sugar', 200, over='too sweet', under='too bland')
oleo = Ingredient('oleo', 'oleo', 113, over='too greasy', under='too dry')
eggs = Ingredient('egg1', 'eggs', 200, over='too rubbery', under='too flat')
syrup = Ingredient('csyr', 'chocolate syrup', 400, over='too cloying', under='too weak')
","ingredients = [flour, sugar, oleo, eggs, syrup]","t1 = Transformation('mix', 'Mix together all ingredients.', [flour, sugar, oleo, eggs, syrup], 'batter')
t2 = Transformation('bake', 'Bake in a 9 x 13-inch pan at 350° for 25 to 30 minutes until the top springs back when touched lightly; do not overbake.', [t1.execute()], 'baked_cake')
t3 = Transformation('chill', 'Cool completely.', [t2.execute()], 'cooled_cake')"
Smothered Round Steak(Servings: 4)  ,"[""2 lb. round steak"", ""1/2 tsp. ground black pepper"", ""1 tsp. ground white pepper"", ""1/2 c. vegetable oil"", ""2 bell peppers, chopped"", ""1 c. beef stock or water"", ""2 tsp. salt"", ""1 tsp. ground red pepper"", ""all-purpose flour (dredging)"", ""3 medium onions, chopped"", ""1 celery rib, chopped""]","[""Alex Patout says, \""Smothering is a multipurpose Cajun technique that works wonders with everything from game to snap beans."", ""It's similar to what the rest of the world knows as braising."", ""The ingredients are briefly browned or sauteed, then cooked with a little liquid over a low heat for a long time.\""""]","roundsteak = Ingredient('rdst', 'round steak', 907, over='too tough', under='too rare')
blackpepper = Ingredient('bkpp', 'ground black pepper', 1, over='too peppery', under='too bland')
whitepepper = Ingredient('wtpp', 'ground white pepper', 2, over='too pungent', under='too bland')
vegetableoil = Ingredient('vgoi', 'vegetable oil', 109, over='too greasy', under='too dry')
bellpeppers = Ingredient('blpr', 'bell peppers, chopped', 320, over='too bitter', under='too bland')
beefstock = Ingredient('bfst', 'beef stock or water', 240, over='too salty', under='too weak')
salt = Ingredient('slt0', 'salt', 12, over='too salty', under='too bland')
redpepper = Ingredient('rdpr', 'ground red pepper', 2, over='too spicy', under='too mild')
flour = Ingredient('flr0', 'all-purpose flour (dredging)', 60, over='too gummy', under='too scant')
onions = Ingredient('onns', 'onions, chopped', 450, over='too oniony', under='too subtle')
celery = Ingredient('cely', 'celery rib, chopped', 40, over='too vegetal', under='too bland')

","ingredients = [roundsteak, blackpepper, whitepepper, vegetableoil, bellpeppers, beefstock, salt, redpepper, flour, onions, celery]","t1 = Transformation('fry', 'Briefly brown or saute the roundsteak with onions, bellpeppers, and celery in vegetableoil.', [roundsteak, onions, bellpeppers, celery, vegetableoil], 'browned_base')
t2 = Transformation('boil', 'Cook the browned mixture with a little beefstock over low heat for a long time.', [t1.execute(), beefstock], 'smothered_roundsteak')"
Pink Stuff(Frozen Dessert)  ,"[""1 can pie filling (cherry or strawberry)"", ""1 can crushed pineapple, drained"", ""1 can sweetened condensed milk"", ""1 (8 oz.) container thawed whipped topping"", ""2 Tbsp. lemon juice""]","[""Mix all ingredients together."", ""Pour into a 9 x 13-inch pan. Freeze until firm."", ""Allow to set out approximately 15 minutes before serving.""]","piefilling = Ingredient('pf01', 'pie filling (cherry or strawberry)', 595, over='too sweet', under='too bland')
crushedpineapple = Ingredient('cp01', 'crushed pineapple, drained', 565, over='too soggy', under='too dry')
condensedmilk = Ingredient('scm1', 'sweetened condensed milk', 397, over='too sweet', under='too bland')
whippedtopping = Ingredient('whtp', 'thawed whipped topping', 227, over='too fluffy', under='too dense')
lemonjuice = Ingredient('lj01', 'lemon juice', 30, over='too sour', under='too flat')

","ingredients = [piefilling, crushedpineapple, condensedmilk, whippedtopping, lemonjuice]","t1 = Transformation('mix', 'Mix all ingredients together.', [piefilling, crushedpineapple, condensedmilk, whippedtopping, lemonjuice], 'combined_mixture')
t2 = Transformation('chill', 'Pour into a 9 x 13-inch pan and freeze until firm.', [t1.execute()], 'frozen_pie')
t3 = Transformation('chill', 'Allow to set out approximately 15 minutes before serving.', [t2.execute()], 'tempered_pie')"
Strawberry Whatever,"[""1 lb. frozen strawberries in juice"", ""1 small can crushed pineapple"", ""3 ripe bananas"", ""1 c. chopped pecans"", ""1 large pkg. strawberry Jell-O"", ""1 1/2 c. boiling water"", ""1 pt. sour cream""]","[""Mix Jell-O in boiling water."", ""Add strawberries, pineapple, crushed bananas and nuts."", ""Spread 1/2 mixture in 13 x 6 1/2-inch pan."", ""Allow to gel in freezer 30 minutes."", ""Add layer of sour cream, then remaining mixture on top."", ""Gel and serve.""]","strawberries = Ingredient('st01', 'frozen strawberries in juice', 454, over='too sweet', under='too tart')
pineapple = Ingredient('pina', 'crushed pineapple', 227, over='too tart', under='too bland')
bananas = Ingredient('bana', 'ripe bananas', 354, over='too mushy', under='too unripe')
pecans = Ingredient('pecs', 'chopped pecans', 100, over='too oily', under='too few')
jello = Ingredient('jell', 'strawberry Jell-O', 170, over='too gelatinous', under='too weak')
water = Ingredient('watr', 'boiling water', 360, over='too watery', under='too dry')
sourcream = Ingredient('scrm', 'sour cream', 473, over='too tangy', under='too bland')
","ingredients = [strawberries, pineapple, bananas, pecans, jello, water, sourcream]","t1 = Transformation('boil', 'Boil water.', [water], 'boiling_water')
t2 = Transformation('mix', 'Mix Jell-O in boiling water.', [jello, t1.execute()], 'jello_solution')
t3 = Transformation('mix', 'Add strawberries, pineapple, crushed bananas and nuts.', [strawberries, pineapple, bananas, pecans, t2.execute()], 'fruit_jello_mixture')
t4 = Transformation('mix', 'Spread 1/2 mixture in 13 x 6 1/2-inch pan.', [t3.execute()], 'pan_half_mixture')
t5 = Transformation('chill', 'Allow to gel in freezer 30 minutes.', [t4.execute()], 'set_bottom_layer')
t6 = Transformation('mix', 'Add layer of sour cream.', [sourcream, t5.execute()], 'bottom_with_sourcream')
t7 = Transformation('mix', 'Add remaining mixture on top.', [t3.execute(), t6.execute()], 'assembled_dessert')
t8 = Transformation('chill', 'Gel and serve.', [t7.execute()], 'gelled_dessert')"
"Grandma Hanrath'S Banana Breadfort Collins, Colorado  ","[""1 c. sugar"", ""1/2 c. shortening"", ""2 eggs (add one at a time)"", ""1 tsp. salt"", ""2 tsp. soda"", ""2 c. flour"", ""1/4 c. nuts"", ""2 over-ripe bananas (chopped)""]","[""Cream sugar and shortening."", ""Add eggs, salt and soda, then bananas and flour."", ""Add nuts."", ""Mix well."", ""Bake in loaf pan at 350\u00b0 for 1 hour.""]","sugar = Ingredient('sug1', 'sugar', 200, over='too sweet', under='too bland')
shortening = Ingredient('shr1', 'shortening', 96, over='too greasy', under='too dry')
eggs = Ingredient('egg1', 'eggs (add one at a time)', 100, over='too eggy', under='too crumbly')
salt = Ingredient('slt1', 'salt', 6, over='too salty', under='too tasteless')
soda = Ingredient('sod1', 'baking soda', 9, over='too soapy', under='too flat')
flour = Ingredient('flr1', 'flour', 240, over='too tough', under='too wet')
nuts = Ingredient('nut1', 'nuts', 30, over='too nutty', under='too sparse')
bananas = Ingredient('ban1', 'over-ripe bananas (chopped)', 236, over='too mushy', under='too firm')

","ingredients = [sugar, shortening, eggs, salt, soda, flour, nuts, bananas]","t1 = Transformation('mix', 'Cream sugar and shortening.', [sugar, shortening], 'creamed_base')
t2 = Transformation('mix', 'Add eggs, salt and soda, then bananas and flour.', [t1.execute(), eggs, salt, soda, bananas, flour], 'banana_batter')
t3 = Transformation('mix', 'Add nuts.', [t2.execute(), nuts], 'batter_with_nuts')
t4 = Transformation('mix', 'Mix well.', [t3.execute()], 'well_mixed_batter')
t5 = Transformation('bake', 'Bake in loaf pan at 350° for 1 hour.', [t4.execute()], 'baked_banana_bread')"
Jewell Ball'S Chicken,"[""1 small jar chipped beef, cut up"", ""4 boned chicken breasts"", ""1 can cream of mushroom soup"", ""1 carton sour cream""]","[""Place chipped beef on bottom of baking dish."", ""Place chicken on top of beef."", ""Mix soup and cream together; pour over chicken. Bake, uncovered, at 275\u00b0 for 3 hours.""]","chippedbeef = Ingredient('CBF1', 'chipped beef, cut up', 100, over='too salty', under='too bland')
chickenbreasts = Ingredient('CHK2', 'boned chicken breasts', 800, over='too heavy', under='too scant')
creamofmushroom = Ingredient('CRM1', 'cream of mushroom soup', 300, over='too soupy', under='too dry')
sourcream = Ingredient('SRC4', 'sour cream', 227, over='too tangy', under='too bland')

","ingredients = [chippedbeef, chickenbreasts, creamofmushroom, sourcream]","t1 = Transformation('mix', 'Place chipped beef on bottom of baking dish.', [chippedbeef], 'beeflayer')
t2 = Transformation('mix', 'Place chicken on top of beef.', [chickenbreasts, t1.execute()], 'chickenonbeef')
t3 = Transformation('mix', 'Mix soup and cream together.', [creamofmushroom, sourcream], 'sauce')
t4 = Transformation('mix', 'Pour sauce over chicken.', [t2.execute(), t3.execute()], 'assembledcasserole')
t5 = Transformation('bake', 'Bake, uncovered, at 275° for 3 hours.', [t4.execute()], 'bakedcasserole')"
